epoch,time,train/box_loss,train/seg_loss,train/cls_loss,train/dfl_loss,metrics/precision(B),metrics/recall(B),metrics/mAP50(B),metrics/mAP50-95(B),metrics/precision(M),metrics/recall(M),metrics/mAP50(M),metrics/mAP50-95(M),val/box_loss,val/seg_loss,val/cls_loss,val/dfl_loss,lr/pg0,lr/pg1,lr/pg2
1,47.4501,0.61564,2.62262,2.62042,1.17558,0.00333,1,0.52256,0.35997,0.00333,1,0.55498,0.44074,0.16944,0.27843,3.06825,0.81628,0.00012,0.00012,0.00012
2,86.6298,0.31395,0.38762,2.1758,0.91769,0.00333,1,0.995,0.88009,0.00333,1,0.995,0.99093,0.32636,0.2075,3.07742,0.97316,0.00025142,0.00025142,0.00025142
3,127.387,0.3919,0.25593,1.63399,0.93557,0.00333,1,0.9934,0.90876,0.00333,1,0.9934,0.9934,0.35016,0.16819,3.03955,1.00511,0.0003736,0.0003736,0.0003736
4,168.85,0.44041,0.35426,1.3186,0.93862,0.00333,1,0.995,0.83928,0.00333,1,0.995,0.98605,0.41707,0.22814,3.02549,1.0235,0.00048654,0.00048654,0.00048654
5,209.619,0.42791,0.28446,1.08546,0.93973,0.9398,1,0.995,0.88131,0.9398,1,0.995,0.96845,0.39635,0.63413,2.44856,1.02486,0.00059024,0.00059024,0.00059024
6,249.921,0.41326,0.27924,0.96803,0.95834,0.99033,1,0.995,0.85699,0.99033,1,0.995,0.98738,0.50697,0.21598,2.35159,1.20753,0.0006847,0.0006847,0.0006847
7,290.084,0.44191,0.26444,0.9104,0.93324,0.87082,1,0.95861,0.68245,0.87082,1,0.95861,0.78886,0.61096,3.41109,2.43202,1.21569,0.00076992,0.00076992,0.00076992
8,330.373,0.40072,0.23122,0.79647,0.92146,0.94898,1,0.9918,0.90284,0.94898,1,0.9918,0.89568,0.38913,1.93382,2.3762,1.02278,0.0008459,0.0008459,0.0008459
9,370.433,0.42456,0.22167,0.78302,0.95259,0.99219,1,0.995,0.92076,0.99219,1,0.995,0.98568,0.37622,0.2591,1.83977,1.01632,0.00091264,0.00091264,0.00091264
10,410.991,0.41123,0.22743,0.70899,0.92205,0.99593,1,0.995,0.91062,0.99593,1,0.995,0.995,0.43145,0.14659,1.96323,1.08668,0.00097014,0.00097014,0.00097014
11,450.764,0.39028,0.20648,0.73124,0.92627,0.98308,1,0.995,0.94149,0.98308,1,0.995,0.995,0.38066,0.13938,2.4444,1.03797,0.0010184,0.0010184,0.0010184
12,490.321,0.41156,0.21164,0.70971,0.93367,0.99567,1,0.995,0.87923,0.99567,1,0.995,0.93521,0.4781,0.50834,1.96538,1.13554,0.00105742,0.00105742,0.00105742
13,532.862,0.3929,0.214,0.66252,0.91765,1,0.98914,0.995,0.88817,1,0.98914,0.995,0.80655,0.46032,1.40861,2.07316,1.1159,0.0010872,0.0010872,0.0010872
14,575.369,0.37913,0.17647,0.63406,0.93306,0.88152,0.93037,0.97691,0.86195,0.88152,0.93037,0.97691,0.94315,0.4751,0.29701,1.79432,1.07314,0.00110774,0.00110774,0.00110774
15,619.412,0.38134,0.19516,0.64281,0.92081,0.99033,1,0.995,0.87129,0.99033,1,0.995,0.98668,0.41874,0.13821,1.88204,0.99706,0.001076,0.001076,0.001076
16,665.301,0.38859,0.19078,0.63607,0.91884,0.99344,1,0.995,0.89445,0.99344,1,0.995,0.98122,0.46703,0.10887,1.60705,1.11765,0.00101,0.00101,0.00101
17,711.548,0.37376,0.24436,0.61334,0.92675,0.99717,1,0.995,0.91906,0.99717,1,0.995,0.99101,0.45003,0.0924,1.50284,1.09818,0.000944,0.000944,0.000944
18,757.858,0.35047,0.26776,0.5976,0.89731,0.9963,1,0.995,0.93908,0.9963,1,0.995,0.99084,0.35676,0.1011,1.26798,0.95934,0.000878,0.000878,0.000878
19,804.85,0.34575,0.20689,0.56416,0.89862,1,0.95359,0.9934,0.90992,0.99719,0.91667,0.95188,0.91308,0.38087,0.88274,1.33297,0.96461,0.000812,0.000812,0.000812
20,853.766,0.34196,0.2385,0.5745,0.91009,1,0.99888,0.995,0.91328,1,0.99888,0.995,0.92455,0.3597,0.75817,1.15336,0.99778,0.000746,0.000746,0.000746
21,900.438,0.28406,0.12317,1.10203,0.91052,0.99692,1,0.995,0.92538,0.99692,1,0.995,0.95837,0.40562,0.45743,1.32903,1.05131,0.00068,0.00068,0.00068
22,945.905,0.2585,0.13233,0.91347,0.89796,0.99753,1,0.995,0.93072,0.99753,1,0.995,0.98668,0.36315,0.24666,1.14068,0.94645,0.000614,0.000614,0.000614
23,991.659,0.22929,0.15845,0.89798,0.86089,0.99782,1,0.995,0.95216,0.99782,1,0.995,0.995,0.30225,0.13205,0.90102,0.89126,0.000548,0.000548,0.000548
24,1037.42,0.22688,0.10041,0.82304,0.86914,0.99784,1,0.995,0.96652,0.99784,1,0.995,0.99101,0.27185,0.1392,0.88777,0.84433,0.000482,0.000482,0.000482
25,1083.14,0.23563,0.11445,0.7975,0.89566,0.99787,1,0.995,0.96273,0.99787,1,0.995,0.99067,0.25299,0.16469,0.86413,0.8221,0.000416,0.000416,0.000416
26,1129.84,0.22805,0.09897,0.80355,0.86826,0.99775,1,0.995,0.97567,0.99775,1,0.995,0.98568,0.25809,0.18161,0.9101,0.83246,0.00035,0.00035,0.00035
27,1175.38,0.22221,0.09822,0.78245,0.84436,0.99787,1,0.995,0.97857,0.99787,1,0.995,0.9898,0.21907,0.12896,0.82652,0.81188,0.000284,0.000284,0.000284
28,1221.27,0.21497,0.09006,0.74198,0.82382,0.99786,1,0.995,0.98805,0.99786,1,0.995,0.995,0.2101,0.10551,0.78234,0.80328,0.000218,0.000218,0.000218
29,1267.25,0.20984,0.08823,0.72372,0.8433,0.99789,1,0.995,0.97502,0.99789,1,0.995,0.995,0.20483,0.09728,0.77186,0.80083,0.000152,0.000152,0.000152
30,1313.37,0.1996,0.08609,0.709,0.84813,0.99787,1,0.995,0.9893,0.99787,1,0.995,0.995,0.19577,0.09058,0.75019,0.79352,8.6e-05,8.6e-05,8.6e-05
